text,intent_id
អូខេ អ្នកឈ្នះ,6
ឃើញតាំង ចាស់ណាវ តែទើបដាច់ចិត្តបញ្ចេញមតិ loy nas mii jm,6
"Ng ng , eng rk ah ng heee",6
Lmom,6
សម្រាប់អ្នកចង់ស្ដាប់បទពេញ​ អាចចូលតាមលីងខាងក្រោមបាន​ អរគុណ all nob,6
ចូលតាមដានព៍ត៌មានខ្ញុំម្នាក់មួយដើម្បីតាមដានរឿងថ្មីៗណាបងប្អូន Telegram: https://t.me/Chinlangeng YouTube : https://www.youtube.com/@chinlangeng TikTok: https://www.tiktok.com/@chinlangeng168?_r=1...,1
កម្មពារ គួរអោយខ្លាចត្រង់ អ្នកទទួលកម្មមិនមែនសមីខ្លួនផ្ទាល់ឡេីយបែរជាធ្លាក់ទៅលេីសមាជិក ហឹម....,6
កម្មពារមានពិតតែមនុស្សស្លាប់ទៅផុតកម្មហើយម៉ែអ្នកសាងគាត់អ្នកទទួល គ្មានកម្មពារណាមកធ្លាក់លើអ្នកមិនបានសាងទេ!,1
អ្នក​សាង​ អ្នក​នឹង​ទទួល​ទៅ​កុំ​រុញ​ដាក់​គ្នា​,6
ដូចនឹកកូនខ្មែរក្នុង Fc mobile,6
1នាទី 1Ad គ្មានអារម្មណ៍មើលទេ,1
ចង់ប៉ះ Real លូវហ្នឹង,6
ការប្រកួតចុងក្រោយរបស់ពូដូ,6
បងនិយាយបាល់ល្អណាស់មើលហើយមិនធុញ មិនដូចអាចក់ ស្រែកក៏ស្រែក ជេរគេទៀត អាយ៉ាប់រកលេខដាក់គ្មាន,1
អាប្រុសមុខដូចមីនតោន,6
កម្ពុជាអើយកុំដើរលឿនពេក ចាំជប៉ុន និងអាមេរិកផង,6
អត់កាន់ជើងខាងណាទេ តែតាមមើលទៅនាក់ឃូនិង ដូច ឆ្លេឆ្លាដល់ហើយនេះតិចនោះតិច អាណា ព្រមយកអានិង ហើយបើតាមស្ដាប់គាត់និយាយ ប្រុសដែលគាត់ទាក់ទង គឺគាត់យកលុយទិញក្បាលគេទាំងអស់និង មិនថាអាបុិនិង ហើយនិងសង្សាគាត់ដែ,1
អ្នកកាសែតរឿងអត់ប្រយោជន៍គួរកុំផ្សាយវាអត់ប្រយោជន៍ធ្វើឱ្យបំពុលសង្គមទោះបីជាសំណូមពរពីប្រជាពលរដ្ឋយ៉ាងណាក៏ដោយត្រូវមើលសាច់រឿងឲ្យច្បាស់។ពាក់ព័ន្ធនឹងបទល្មើសត្រូវកំណត់បើល្មើសឲ្យបានច្បាស់លាស់មុននឹងចេញផ្សាយ,6
ប្រុសអីអន់ម៉្លេះរស់ដោយសារស្រី,6
គ្រូស្នេហ៍តែរកប្រុសមិនបាន,6
https://t.me/msrnews24h,6
ទៅមើលនៅអគ្គក្បាលថ្នល់ឃើញហើយ។ពួកអគ្គធ្វើស៊ីហើយ,6
បើគាត់ធ្លាប់ដើរផ្លូវខុសម្ដងហើយ។ណាមួយគាត់នឹងត្រឡប់ទៅធាតុដើមរបស់គាត់វិញខ្ញុំជួបផ្ទាល់អតីតប្ដីខ្ញុំ។បានគ្នារយៈពេល 7 ឆ្នាំពីរឆ្នាំដំបូងដែលខ្ញុំទាក់ទងគ្នាគាត់កំពុងតែប្រើប្រាស់តែគាត់ព្យាយាមកាត់ផ្ដាច់កន្លងមកក៏បានសម្រេចគាត់ផ្ដាច់បានពីរឆ្នាំ។បន្តមកទៀត។ពីរបីឆ្នាំក្រោយមក។គាត់ក៏លួចប្រើប្រាស់ហើយខ្ញុំមិនដឹង។ពេលដែលខ្ញុំដឹងគឺគាត់វកបាត់ទៅហើយហើយកន្លង់ដែលខ្ញុំដឹងពីបីខែចុងក្រោយមុនពេលដែលខ្ញុំបែកគ្នា។ខ្ញុំមិននឹកស្មានថាគាត់អាចត្រឡប់ទៅ។ពីមុនទេ។ទាំងដែលគាត់គ្រឿងញៀនបានពីរឆ្នាំចម្លង 3 ខែ 4 ខែគាត់មានសកម្មភាពប្លែកៗពេលដែលខ្ញុំដឹងគឺខ្ញុំត្រូវអស់គ្រប់យ៉ាង។ព្រោះដោយការធ្វើប្រហែសរបស់ខ្ញុំ។ដែលខ្ញុំគិតថាគាត់ល្អហើយ។ដូចគេដូចឯងហើយ។ខ្ញុំក៏លែងបារម្ភច្រើន។តែតាមពិតទៅគាត់នៅធ្វើវាទេ។ប្រើប្រាស់បន្តិចម្ដងៗឥឡូវនេះគាត់ជាប់គុកបានសម្រេចជាលើកចុងក្រោយរបស់គាត់,1
ឆ្លៀតឳកាសទៅលេងស្រីខូចនឹង វាមានទៅណាវាអានឹង,4
ករណីអីក៏ដោយបើចាប់គេទៅក៏ត្រូវតែប៉ូលីសរកលេខទូរសព្ទក្រុមគ្រួសារផ្ដល់ដំណឹងឲ្យគ្រួសារគេដែរកុំចេះតែនិយាយករណីអីក៏ដោយគេតែងតែរកលេខគ្រួសារផ្ដល់ដំណឹងឲ្យគ្រួសារគេហើយ,6
ជាយប់ប្រយ័ត្នប្រយែងបន្តិចព្រោះម៉ូតូល្អហានិភ័យខ្លាំងណាស់។ព្រោះសម្បូរសត្វទិញទុយចេញរកស៊ីយប់។,6
ជីវិតខ្ញុំគេបោករហូតអញ្ចឹង,4
បងខ្ញុំភ័យខ្លាំងណាស់ចង់ក្រោយឱ្យខ្ញុំទោះសំណើច,6
បងខ្ញុំចង់អោយបងផ្សាយរកមនុស្សម្នាក់អោយគាត់ត្រលប់មករកកូនគាត់វិញបានទេបង,6
រឿងលេងសើចច្រើន ដល់បាត់មែនទែនអត់មាននណាជឿលទេ,1
បារម្ភ​ខ្លាច​សុវត្ថិភាព​ ព្រោះ​សំបូរចោរប្លន់ណាស់​,6
ផ្សាយភ្លាមដល់ភ្លាម សារ៉ា,6
ថាញុមទៅចាញ់បោកប្រុសហើយ លូវមកចាញ់បោកគេផ្សាយទៀត,4
សុំមើលនៅអគ្គឃើញហើយ។,6
ខ្លាចគ្នាមានរឿងអីហើយមើលទៅ,1
គាំងចុងក្រោយ,6
អ្នកផ្សាយផ្សាយគេដល់ផ្ទះបាត់ហើយ។,6
បើ ចាប់ ប្រាកដជាទាក់ទងមកអ្នកផ្ទះហើយ.. ដើម្បីដោះស្រាយ..,6
ពេលចឹងគាំងម៉ងបង ​,6
ប្រឈមចោរប្លន់ទេដឹងបង?,6
ដល់ផ្ទះបាត់បងសារ៉ាអើយ,6
តាមពិតចឹងសោះ,6
ញុមសល់តែប៉ុណ្ណឹងទេបង ឱ្យញុមសុំទោសបងធ្វើមិចបើញុមអ្នកក្របងញុមជួយតាមលិទ្ធភាពទេបង,6
កំប្លែងណាស់ hahaha hahaha Haaland,6
រតតាមស្រីដឹង,6
អស់និយាយម៉ងប្រូ,1
ម៉ូយម៉ូតូខ្ញុំ,6
មានការគាំងជាខ្លាំង,1
ទៅច្បាអំពៅស្ពានអាកាស,6
កាលអាទិត្យមុននៅស្តុបហ្គ្រេនភ្នំពេញមានគ្រោះថ្នាក់ចរាចរណ៍មួយរវាងរថ្តយន្តនីសាន់និងម៉ូតូ delivery crapបាក់ជើងខាងអ្នកជិះម៉ូតូ តែមិន,2
មកវិញបងប្រូប្រពន្ធស្អាតផងប្រយ័ត្នគេយកបាត់ណា,6
ចុមមើលគេធើ,6
ស្តាប់ដល់ចប់ខ្ញុំឡើងគាំង,6
ទើបដឹកអីវ៉ាន់ដែរញុមទិញពីពូឆៃឲ្យញុមកាលងៃទី01,2
នៅក្បាលថ្នល់,6
ទីផ្សារគេដឹង,6
ទីផ្សាសាហាវ,6
ទៅដាក់ពាក្យបដឹងបង,6
សាំហា៎,6
ាឭ,6
រឿងអ្នកផលិតមាតិកាកុំសូវជឿវាពេក វាប្រឌិតរឿងទេ,6
មើលហើយគាំងចុងក្រោយ,6
ទៅរកគាត់នៅអគ្គនគរបាលក្រសួងមហាផៃ្ទទៅឃើញហើយ នៅគល់ស្ពានក្បាលថ្នល់ សញ្ញានេះគេចាប់រឿងគឿងញៀនហើយ កុំភ្លេចយកអត្តសញ្ញាណប័ណ្ណទៅផង,6
អូនខ្ញុំរស់នៅភ្នំពេញគាត់បានបាត់ខ្លួនថ្ងៃទី 16 ខែ 9 ដល់ថ្ងៃទេ5 ខែ 10 រកគាត់អត់ទាន់ឃើញទេបងចង់ឱ្យប្អូនចុះព័ត៌មានឲ្យខ្ញុំបន្តិចបានទេ,1
សើចមួយ,6
គាត់ណាត់ជួបស្រីក្រៅដឹងបង,6
ចុងបញ្ចប់ happy ending,6
ខំតែភ័យ,6
បងឯងប្រេនតើអី,6
ថ្មីរហូត មើលដល់ចប់ បានភ័យផងសើចផងទាំងព្រឹក,6
រវល់នៅផ្ទះស្រីដឹង,6
មានស្រីហើយ,1
ទៅមើលនៅក្នាលថ្នល់មើ,6
សាំចុយម្រាយហើយ,6
ងាប់ព្រោះពាក្យត្រង់របស់ប្រពន្ធ យូឆ្នាំហើយលើកនិយាយចេញ,6
គាត់កំពុងសន្លប់ អត់ទាន់ស្វាងទេ បង ជូនពរ គាត់មានសុវត្ថភាព,1
ចុមគាត់ទើបដឹកអោយខ្ញុំកាលថ្ងៃសោរ៍,2
ទៅរកទូត្រីទៅឃើញហើយ,6
ត្រីអរផង មកដល់ផ្ទះវិញ,6
យីសគេផ្អើលពេញប្រទេស,6
អាស្រួច,6
មើលមុខប្រពន្ធដូចអត់ភ័យសោះពេលបាត់ប្ដី,6
99% មានគេប្លន់។,1
ជួបស្រីសោះ,6
គាំង ម៉ង,6
ទៅរកអគ្គក្បាលថ្នល់ទៅនៅក៏6ឃើងហើយ,6
ចឹង បានគេ ថា គាំង ចុងក្រោយ គាំង មែន,6
ស្រុកខ្មែរតាប៉ែតែសប្បាយ,6
ទំនាក់ទំនងសមត្ថកិច្ចឲ្យគាត់ជួយទំនាក់ទំនងទៅ,6
ខំស្ដាប់ ចុងក្រោយ គាំង,6
ក្មេកយើងខ្ញុំខ្លាចដែលសំបូរការចាក់,6
អានឹងមានស្រីហ្មង,1
ការផ្សព្វផ្សាយពាណិជ្ជកម្មដោយអត់អស់លុយ ប៉ិនសម្ដែងមែន,1
ឆ្លន,6
អាពងក**,6
ហត់,6
មានបញ្ហាហេីយ,1
អរ..រឿងចឹងទេហ៎,6
សុំទោសផងបងប្អូនលោកពូគាត់មិនមានប្រេី QR ទេ គាត់មានតែលេខទូរស័ព្ទ ៕,1
បងចាំជួយទំម្លាក់Qrមកបងខ្ញុំជួយ50$,6
សំណង់លូវមិនងាយបើកទេញុម5ខែមិនបានលុយទេ,3
ខួរពួកហែងធ្វេីពីអីបានពួកហែងចង់បានតាកម្លាំងញេីសឈាមគាត់នឹង,6
តើគាត់ទៅធ្វើសំណង់នៅកន្លែងណាដែរ ?,6
មេការមួយចំនួនវាថោកទាបចឹង សុីកម្លាំងញើសឈាមគេទូរែកទៅហែង,4
ឧកញ៉ា ចិត្តសប្បុរសល្អពិតមែន,6
អ្នកភូមិខ្ញុំក៏គេបោកច្រើនដែលបងទៅធ្វើកាសំណងនៅភ្នំពេញមេការវាមិនបើប្រាក់អោយទេបងអើយ,4
អាមេកាសំណង់មួយចំនួនមានដោយសារកេងកម្លាំងញើសឈាមអ្នកក្រ ជេរតែពួកអាថោកមួយចំនួនទេកុំរើសដាក់ខ្លួន ខឹងពេក,5
ពួកអាមេកាសំណង់ថោកទាបធ្វើឲ្យខូចមេការល្អៗ,4
មេការសុខមិចដាច់ចិត្តធ្វើបាបពូៗជាងសំណងម្លេស,6
ចាប់ដាក់គុកម្ដងទៅ,6
ឃើញហើយឈឺចាប់,6
មេកាសំណង់ថោកណាស់អត់អាណិតគាត់ចាស់ៗទេ,5
ម៉ាក់ប៉ាខ្ញុំជួបរហូតនិងបង មេកាបើកលុយហើយរត់បាត់នៅសល់តែកូនចៅ ធ្វើកាឲហើយអត់បានលុយ,3
ឪពុកគេ ឪពុកយើង,6
ពុកអើយពុកអាណិតណាស់,6
លោកអើយហេតុអី អាថោកឯងធ្វើបាន អាមេការថោក,5
ចិត្តសាងពីអីលោកអើយ មិនបើកលុយអោយពួកគាត់,3
ហុឹម ពុកអើយ,6
អាមេកាថោកទាបអាចុយម្រាយអានរក,4
រឿងស្រដៀងនេះ មិនមែនទើបតែកើតឡើងទេ ហើយជនរងគ្រោះមានច្រើនណាស់ តែមិនមានដំណោះស្រាយណាដែលអាចជួយជនងាយរងគ្រោះដូចពួកគាត់នេះទេ!  សំនួរចោតសួរទៅ ក្រសួងការងារ និងបណ្តុះបណ្តាលវិជ្ជាជីវៈ ថាពេលណាបានមានចំណាត់ការ និងគោលការណ៍ក្នុងការការពារកម្មករក្រៅប្រព័ន្ធដូចជាពួកគាត់?,2
មេកាសំណង់គ្មានគុណធម៌,1
អាមេការថោកទាប,4
ចង់ឃេីញមុខអាមេការសុខ​ ជាប់គុក​ . ពុកអេីយ,6
ខ្ញុំក៏ធ្លាមានមេកាបើលុយពីចិនហើយ តែមេកាប្រាបថាលុយចាយអោះ ក្រុមញុមមនុស្សជិត៤០នាក់,1
ពុកគេពុកយើង,6
លេាកពុកអេីយ,6
មនុស្សអេីយមនុស្ស ហេតុអីធ្វេីបាបចិត្តអ្នកអត់អ្នកក្រយ៉ាងនេះ,6
សុំQRបង1មកបងជួយយកជូនគាត់ផង,6
តើលោកមេការចិត្តសាងពីអ្វី កើតមកគ្មានឪពុកទេបានគ្មានមេត្តាបែបនេះ,1
ឃើញហើយរំភើប ក្ដុកក្ដួល  ពុកគេ ពុកយើង,6
ចាប់អាសត្វសុខអោយបានផង,6
Miss Sunflower Brand By CEO ចែយៀកជួយលោកអ៊ុំផងចែមើលទៅអាណិតពួកគាត់ណាស់,6
មេការឈ្មោះសុខ ខេត្តកំពត សូមលោកពូស្នងការខេត្តកំពតជួយស្រាវជ្រាវរកបុគ្គលម្នាក់នេះផង ស្នងការដ្ឋាននគរបាល ខេត្តកំពត,6
ម៉ាអានរកហេតុអីបានធ្វើបាបពួកគាត់ម្លេះអាតៃហោង,6
ពុកអេីយពុក អាថេាកមេកានុងហែងសុីកម្លាំងពួកគាតវ័យចាស់ៗអស់ហេីយ អាហែងគិតថាសុីកម្លាំងគាតនិងមានមែន តិចទៀតហែងនិងរលាយតាមកម្លាំងដែរគាតហត់និងហេីយអាថេាក កម្មពារមិនភ្លេចម្ចាស់ទេ,1
ឃើញហើយនឹកប៉ាខ្ញុំណាស់,6
មេកាថោកមិនអាណិតគាត់ទេ គាត់ចាស់ៗហើយ,5
មើលហើយក៏យំ,6
កំសត់ណាស់លោកអ៊ំអើយ,6
អញ់ស្អប់ពួកនឹងវាបោកតែអ្នកអត់កម្លាំងញើសឈាមគេស្មានតែមួយជីវិតនេះនៅសុខមែន,4
ជីវិតពិតឈឺចាប់ណាស់,6
អាមេកាមួយចំនួនគឺវាអញ្ចឹង ថោកទាបសុីកម្លាំងញើសឈាមគេ ម៉េអាត្រូវគ្រាប់ធ្វើបាបបានតែអ្នកតូចទាបគ្មានចំណេះដឹងទេពួកអានិងហូស,4
អាមេការ ថោក,5
ជូនពរពូមានយុត្តិធម៌   #ប្រជាជនកម្ពុជាយើងអើយ,1
ហែលទឹកភ្នែកគាត់ទៅអាសុខ,6
អរគុណដល់បងបង ដែរជួយគាត់ទាំងអស់ ចិត្តបុណ្យព្រះតាមជួយ,1
ខ្ញុំយល់អារម្មណ៍លោកពូ ទាំងពីរ ព្រោះធ្លាប់មានគេបោករឿងការងារនេះដែរ…!,4
ស្រុកសន្តិភាពសំបូរពួកបោកចឹងដោយសារតែអត់ច្បាប់ចាប់ការចឹង,4
ជាងម៉ៅការសំណង់បោកកូនចៅចាប់វាដាក់គុកឱ្យវារាងម្តងបានវាដឹង។,4
មិនបើកលុយឲ្យគាត់ សាហាវមេស,3
អាមេកាបោកនឹងមានច្រើនណាស់,4
ទូលវែកទៅពួកហែង,6
"ខ្មែរអើយខ្មែរឯណាទៅពាក្យថាខ្មែរស្រលាញ់ខ្មែរ,ខ្មែរជួយខ្មែរហែតុអ្វីក៏បានគាត់ចឹង",6
មានទីតាំងហើយគួរចៅហ្វាយ លៃលកចាប់មេការនឹង ដាក់ទោសទាល់តែបានមើល កុំឣោយមានរាងចឹងចេះកើតឡើង ចឹងទៀត,1
លើសពីអាណិតពុកគេពុកយើង,6
អាឆ្កែមិនឃើញគាត់ចាស់ទេមិនចេះអាណិតគាត់សោះ,6
បងស្រីសុំជួយពួកគាត់ផងLai Souyiek,6
ច្បាប់នៅកន្លែងណាតើពួកគាត់ធ្វើការហើយមិនបើកលុយឲ្យគាត់តើប៉ូលីអាជ្ញាធរដែលធ្វើការដើម្បីអ្វី,3
មនុស្សអីថោកទាបចឹង មិនចេះអាណិតអ្នកធ្វើកាសំណង់ដូចគាត់ចាស់ៗអស់ហើយ,4
អានរក ១៨ជាន់,6
អាបោកគេសូមសមត្ថកិច្ច ជួយរកឲឃើញផង មិនមេនទើបតែម្ដងនិងទេ,4
អរគុណនូវទឹកចិត្តដ៍ល្អ,6
ពូពីមុនធ្លាប់នៅប៉ោយប៉ែត ភូមិជាមួយខ្ញុំ,6
ខ្ញុំមេីលហេីយយំរហូតអាណិតណាស់,6
គួរតែចាប់ពួកមេការហ្នឹងម្ដងទៅស៊ីកម្លាំងយកឈាមពួកគាត់ចាស់ៗ,6
សូមមន្ត្រីពាក់ព័ន្ធមើលពួកមេការទាំងអស់ហ្នឹងផង,1
នៅខ្មែរសំបូរណាស់អាមេបោក,4
ខ្ញុំនិយាយឱ្យស្មោះត្រង់តែម្ដងស្រុកខ្មែរយើងពិតជាច្រើនណាស់មេការដែលមកម៉ៅកាសំដងមិនបើកលុយឲ្យកូនជាងនោះ។សឹងតែ. ទូទៅទៅហើយយើងគួរតែមានវិធានការកន្លែងនេះទើបកម្មករខ្មែរយើងមិនរត់ចេញទៅស្រុកគេ។ហេតុអីបានជាកម្មករខ្មែរយើងទៅស្រុកគេដោយសារតែធ្វើការគេបើកលុយឱ្យយើងគេចាត់វិធានការមេការណាដែលមិនបើកប្រាក់ខែឲ្យកូនចៅគឺញឺតការងារគេ. ច្បាប់ដោះស្រាយតែម្ដង.ពីរ បទគេងកម្លាំងពលកម្មកម្មករតែស្រុកខ្មែរយើងវិញនេះច្រើនណាស់លោកអើយមិនដែលគ្មានអ្នកណាធ្វើទេ។គួរតែលាងក្អែលហ្នឹងចោលទៅស្រុកយើង។ធ្វើឱ្យខ្លាំងទៅលើពួកមេការហ្នឹង. ស្រុកខ្មែរយើងសម្បូរណាស់មេការគេងកម្លាំងកម្មករនោះ.,3
អរគុណបងៗណាស់ដែរជួយលោកពូនឹងម្ចាស់ជំនួយសូមជួបតែសេចក្តី,6
ពួកចាប់វាដាក់គុកបោកគេច្រើនណាស់ជនភាសសឹកក៏វាបោកដែរ,4
អានរក48ជាន់​ បាបកម្មមានពិត​ ហែងសាងអីបាននិងមកវិញ​ ហែងសុីកំលាំងញេីសឈាមក្មេងមិនអីទែតែហែងសុីកំលាំងញេីសឈាមមនុស្សចាស់​ ពិតជាកម្មណាស់,1
សំុQr បង,6
អាមេការនរក …រលាយឆាប់ៗ សាងអីទទួលបាបនឹង ឆាប់ៗ ធ្វើបាបតែខ្មែរគ្នាអែង….អារលាយអើយ!!!,6
មុនដំបូងអាណិតបន្ទាប់មករំភើប,6
ចេះធ្វើទៅកើតមិនអាណិតគាត់ចាស់ហើយអាអ្នកបោកលុយនឹង,4
បើហ្អែងអត់លុយជួលគេទេឯងធ្វើកម្មករគេទៅកុំដើរបោកគេឪគេឪអ្ហែងកម្មមានពិត,4
មើលឡើងយំហើយ,6
ទូលរែកទៅ កម្លាំងញើសឈាមគេនិង,6
មេីលហេីយស្រស់ទឹកភ្នែកតាមគាត់​ ជីវិតអេីយ,6
ខ្ញុំមេីលហេីយយំតាមដែរ,6
"Gangsters are not afraid of police, laws should be made for killing gangsters on the street, there would be no more gangsters.",6
County land authority and inability to control their own area.,6
ហាន ឆាយទី សមត្ថកិច្ចភាគច្រើនគឺគាត់រវល់ទៅការកូនមេ ខួបកំណើតកូនមេ កម្មវិធីឡើងផ្ទះកូនមេ អញ្ចឹងហើយគាត់អត់មានពេលមើលសុវត្ថិភាពតំបន់របស់គាត់ទេ,1
ហាន ឆាយទី ថ្ងៃមុនឮថាដំបន់នរណាបើមានដ៏ដែរទៀតត្រូវដក់អ្នកនោះចេញ តែឥឡូវស្ងាត់ឆឹង,1
"ហាន ឆាយទី Because of the loose law, catch and release too easily, that's why gangsters are increasing every day",6
ហាន ឆាយទី ពិតមែនដូចបងថាចឹង,6
It's too easy to come from our local prison.,6
"ឈិម ឈឿយ If you catch it, you should take it to the sea for three months",6
ឈិម ឈឿយ How do you know?.,6
ឈិម ឈឿយ right on point,6
"Who's so prestigious, please uncle... Your excellency.. For Narin.. Don't understand that the state is critical if the state is dead and dangerous.. Traffic jam again.. Because the gang is growing.. The king of kings.. Increasing.. And our national police... Because of the extremist group. Too much.. Nhong.. Only me real pictures",6
"I support the capital administration to create a group of young people to protect and get rid of our kids, kill all the bad guys who always surround the city because they look like they can't do anything.",6
It's only Khmer. Social abomination.,6
Catch and play with the same face in Cambodia,6
ស,6
Catch it shot it down once.,6
អរគុណទឹកចិត្តបងប្រុស,6
ដកដំណែង ដាក់គុក១ឆ្នាំវិញ,6
Soy Koy ដាក់ដាក់គុក១០ឆ្នាំវិញទើបសមធ្វើការមិនច្បាស់លាស់ចឹងធ្វើការនាំតែខូចឈ្មោះទេ,4
Soy Koy អត់ទេមួយសងដប់បានត្រូវ,6
Soy Koy គាំទ្រ,6
Soy Koy ១ឆ្នាំតិចពេកហើយ ១០ឆ្នាំបានសម មនុស្សបែបហ្នឹង,6
Soy Koy,6
Soy Koy 10ឆ្នាំបានសំ,6
ពីន័យជាប្រាក់ហើយចាប់គាត់ដាក់ពន្ធនាគារវិញ,6
អ្នកចាប់និងអ្នកចេញបញ្ជាឲ្យដាក់គុកត្រូវសងជម្ងឺចិត្ត នឺងត្រូវដាក់គុកនោះត្រូវជាប់គុករយ:ពេលស្មើគ្នា..។,6
តុលាកាត្រូវទទួលខុសត្រូវដាច់ខាតយុត្តិធម៌ត្រូវតែមានជូនគាត់ ពួកយើងជាពលរដ្ឋស្លូតត្រង់មិនអាចទទួលយកបាននូវភាពអយុត្តិធម៌ដោយគ្មានអ្នកទទួលខុសត្រូនោះទេ នៅទីណាមានអំពើអយុត្តិធម៌នោះសម្លេងយើងនឹងរួមគ្នាបន្លឺឡើងកាន់តែខ្លាំងដ៏រាបអ្នកប្រព្រឹត្តទទួលខុសត្រូវលើជនរងគ្រោះនឹងតាមផ្លូវច្បាប់,1
ប្រហែលជាគេមិមរកខុសត្រូវអោយទេមើលទៅព្រោះបក្សពួករបស់គេ,6
"If you know how to do it, why are you still trying to do it?",6
អ្នកកាត់ទោស និង អ្នកពាក់ពន្ធ័ កាត់ទោសខុសអសមត្ថភាព គួរបញ្ចប់ក្របខណ្ឌ័ បើទុកបន្ត រងអយុត្តិធម៏ គេឯងអស់ហើយ ករណីនេះបើប៉ះសាច់ញាតិអ្នកតើអ្នកឈឺចាប់អត់ ។,1
ធ្វើការដូចអាចម៍,6
ដកតំណែងហើយដាក់គុកពីរឆ្នាំវិញទៅកុំឱ្យពូកែចាប់ច្រឡំរឿងនេះអាចនឹងពាក់ព័ន្ធស៊ីលុយផង។,6
ធ្វើការដូចឡប់រៀនដល់ច្បាប់ធ្វើដល់ចៅក្រម ចាប់មនុស្សច្រលំ ដកតំណែងហើយដាក់គុកវិញហើយទាសងជំងឺចិត្ត,6
Chill mg pu,6
មានfreeអត់កន្លែងថ្មី,5
Wow b,6
អស់ទាសហើយ មេ,1
នៅណាវិញបង,6
Next please,6
Take a photo to make my face not clear  #fypシ Hide translation,6
ថតឲធ្វើមុខមិនរីកសោះ    #fypシ,6
ៀ,6
MMO,6
Kawasaki KSR လေးရောင်းမယ်ဗျာ 7500Bနဲ့သာယူဗျာအလုပ်သွားအလုပ်ပြန် တောင်ပေါ်တောင်တက်စီးလို့ရပါတယ် လိုအပ်ပါက 09-887979645 See less Hide translation,6
"Kawasaki KSR လေးရောင်းမယ်ဗျာ Only 7500B, you can ride to work and back to Uva mountain. ပါကា ပါက 09-887979645 See less Hide translation",6
https://t.me/meassara09tv,6
"Dumb bitch, dumb bitch",6
"Want to borrow money 3000$ but have 2500$ to pay it back, what do you borrow money for?",6
"So stupid, young man. He borrows 3000$ and has money, I will give him almost 2000$.",6
"Scammers often take «high profit, quick and easy» as an appeal, and when we are greedy coupled with (stupid) lack of consideration, it's obvious that we're fooled!",6
"What a bright day, they ask me to send but just send. Mother Ana's services are so much. If I have money to pay for so much se… See more",6
ល្ងង់អីថ្នាក់នឹងលោកម្ចាស់ កាត់ទូរស័ព្ទរាល់ថ្ងៃ លេងតែហ្គេមមែន មិនមើលពត៌មាន គេបង្ហោះតាមហ្វេសប៊ុក ព្រោងព្រាត គួរតែយល់ខ្លះហើយ ខ្ចី… See more,1
"Borrowing from others, but have money to pay for the service first.",6
"So stupid, they post on Facebook asking about online loan everyday. Is it cheating?",6
"If you have money to be cheated up to 2500$, why borrow money from the bank?",6
ប្អូនប្រុសកាត់សក់អោយខ្លីចេញ យករាសីឡើង,6
"Just like me, I spent only 200$, they cheated 2 tents, they are just the same",6
ភ្មេងចឹងគេបោកត្រូវហើយ,4
គ្មាននៅក្មេងកុំបន្ទោសគ្នា គួរបន្ទោសសង្គមមួយនេះ ដែរសំបូរទៅដោយការបោកប្រាសគ្រប់កន្លែង,4
ល្ងង់អីល្ងង់ម៉្លេះ ហេតុអី្វមិនឱ្យ ម៉ែឪយើងអ្នកខ្ចីលុយធនាគារ ឲ្យទៅ យើងចាំ តែរកលុយឲ្យគាត់ បង់ទៅហើយទៅហើយ។ ទៅខ្ចីតាមអនឡាញ។ ឆ្កួតសុទ្ធ,6
Last camping nyo na yan,6
1. WATCHED THE VIDEO 2. REWITNESS IT 3. WENT TO THE COMMENT SECTION 4. READ THE COMMENTS 5. YOU READ THIS 6. IF I'M RIGHT HAHA YOU REACT,6
"We did that. I can't forget, the rope got cut",6
I'll order a hammock next  . I'll order a hammock now.,6
"It's worth the fun. If that's the case, promise..",6
Tiffany Henson naka try pero na hulog pud lagii sa duyan,6
NATURE TRIP BEMBANG TRIP,6
You guys are so lucky to have become a butterfly?,6
Mark Anthony dear miss Kuna let's go to nature in dreams hahaha,6
What's with Kuya being so simple at first haha,6
Gilbert Magsino Gumahin make the most of life,6
This sister is not normal. She speaks out and looks down on her.,6
"If it grows up, it will be rich again. If it is right, don't argue with crazy people, dare to compensate for their mental illness, so that their husband is in jail.",6
The land reference of the land of the lady leaks,6
Some people look down on security,6
Don't talk to yourself you're amazing bitch,6
I don't really believe in women,6
"According to 2-3 witnesses, the husband called each other to fight and the husband also beat, but the wife said no, the husban… See more",6
"Some tenants look down on security like that, even drunk, pity security.",6
This girl is so spoiled,6
All the weight goes up and down,6
"When you speak out, no one fights, you fall down yourself     What about the bird and the security guard who hired you to spe… See more",6
"Cheap bitch, look down on other poor people, have miscarriage, cheap bitch.",6
Character shows the ceiling,6
This noodles are so cheap,6
"Listen to this girl's words, you will understand, everyone is not normal hehe",6
"Some people come into our lives to give us happiness, but leave us to fix our own hearts for years..!",6
@highlight.,6
ខ្ញុំស៉ូមលានរជីវត់,6
Gī Mēyki,6
YA YA,6
អ្នកតាមដាន,6
So Chhean,6
ะ ถ,6
Koun Sela,6
Töňġ Fÿ,6
Ny Ny,6
Moly Sal b miss o rhot,6
Molly Ñå Oun knows,6
Muy Ting not showing but clearly,6
"Bro Chet If you love, you must be clear, if not, don't take it seriously, I don't have time to joke with you.",6
questions about what time do with it you,6
Just like me too,6
ស្អែកម៉ោងម៉ានពូ,3
Eka Mes kon pov,6
"SREYSROS LAY You are too good to me, my good person",6
Ilysm Ilysm Slanh jg leb,6
Sara Muy luv o nas ah muy,6
Mean Sothathsl klg nah,6
Zey Nou ស្រលាញ់កូនហ្នឹងមេស,6
默默Sl nang nang klang nas,6
Rganhte,6
Mao Sinall,6
Oun Ly,6
Ah Toro,6
Kïm Seang I love you so much baby b,6
TA slanh khlang has bbe rbos b,6
Sei Ha,6
De Vit,6
Vyy oun dak sne b men te,6
Zëii Lëâk sl ster leb hx bsd b,6
Meng Piseysl tea muy ng teh,6
Kim Uimla sl mes teeee o povvv,6
Lat Eyfong,6
Sl ah kort ng mes teh haa,6
Ashley Ana Nerk ery Nerk yang nis,6
Moqi Weiying,6
Seng Sothy,6
Aeris Ny,6
Ræ Nïxtzy,6
"Ride and run, want to solve shit, talk and act like you are right",6
"Fuck you, you hit him",6
This one is rude should be taken to the border,6
"What kind of traffic accident, hit someone's feet and run away, is that a traffic accident?",6
Ride and hit others and say it's a traffic accident. Atai Hong.,6
"#យោងតាមច្បាប់នៃព្រះរាជាណាចក្រកម្ពុជា *ច្បាប់ស្តីពីចរាចរណ៍គោក មាត្រា៨៣ ជនណាបើកបរដោយធ្វេសប្រហែស ខ្ជីខ្ជា មិនប្រុងប្រយ័ត្ន ឬមិនគោរពកាតព្វកិច្ចដែលបទ ប្បញ្ញត្តិស្តីពីចរាចរណ៍ផ្លូវគោកតម្រូវ បណ្តាលឲ្យមានរបួសដល់អ្នកដទៃ ហើយបណ្តាលឲ្យអ្នករង គ្រោះអសមត្ថភាពធ្វើការងារក្នុងរយៈពេលស្មើឬលើសពី៨(ប្រាំបី)ថ្ងៃ គិតពីថ្ងៃកើតហេតុ ត្រូវផ្តន្ទា ទោសដាក់ពន្ធនាគារពី៦ (ប្រាំមួយ)ខែទៅ២ (ពីរ)ឆ្នាំ និងពិន័យជាប្រាក់ពី២ ០០០ ០០០ (ពីរលាន) រៀលទៅ១០ ០០០ ០០០(ដប់ លាន)រៀល និងអាចត្រូវផ្តន្ទាទោសដោយទោសបន្ថែមមួយឬច្រើន ដូចមានចែងក្នុងគ្នាត្រា៥៣(ប្រភេទនៃទោសបន្ថែម)នៃក្រមព្រហ្មទណ្ឌ។ The above offense must be sentenced to imprisonment from 1 (one) year to 3 (three) years and a fine of 4 000 (four million) riels to 15 000 000 (fifteen million) riels if this crime has been committed in any of the following cases: ក- បើកបរដោយគ្មានបណ្ណបើកបរឬមានបណ្ណបើកបរតែមិនត្រឹមត្រូវតាមប្រភេទយាន ខ- ស្ថិតក្នុងស្ថានភាពស្រវឹងដោយមានអត្រាជាតិអាល់កុលចាប់ពី០,៤០(សូន្យក្បៀស សែសិប) មីលីក្រាមក្នុងមួយលីត្រខ្យល់ឬចាប់ពី០,៨០(សូន្យក្បៀសប៉ែតសិប)ក្រាមក្នុងមួយលីត្រ ឈាមឡើងទៅ។ K- cause many people to be injured. K-Fleeing the scene in order to evade responsibility. For offences contained in this clause, additional penalties, as follows, may be announced: 1- Prohibition of professionality, when the offence has been committed in professionality or on the occasion of professionality, permanently or for a maximum of five (five) years. 2- Prohibition on driving a vehicle, of any kind, for a maximum of five (five) years. ៣- ការព្យួរលិខិតបើកបរ សម្រាប់រយៈពេល៥(ប្រាំ)ឆ្នាំយ៉ាងច្រើន។ 4-Publishing of the sentence for a maximum of two (two) months. ៥- ការផ្សាយសេចក្តីសម្រេចផ្តន្ទាទោសនៅក្នុងសារព័ត៌មាន។ 6- Broadcasting of the sentence through all telecommunications means, television for a maximum of 8 (eight) days. *ក្រមព្រហ្មទណ្ឌ (ចំពោះការជេរប្រមាថ) Public Insult Song: The perpetrator uses vulgar language to insult the victim's families in public. Challenging Article: Section 307 of the Criminal Code. ទោសទណ្ឌ៖ ត្រូវផ្តន្ទាទោសពិន័យជាប្រាក់ពី ១០០,០០០ រៀល ទៅ ១០,០០០,០០០ រៀល។ *ក្រមរដ្ឋប្បវេណី (ការសងជំងឺចិត្ត) មាត្រា ៧៤៣ នៃក្រមរដ្ឋប្បវេណី (ស្តីពីអំពើអនីត្យានុកូល)។ Responsibility: The suspect has an absolute obligation to compensate all damages, including the cost of the treatment of the victim's leg injury, motorcycle repair costs, and mental illness compensation for time or other work lost.",3
"Slap the motherfucker, what will you do?",6
"Hit it, ride it fast, and say that it's normal  Ah J.m",6
"Gangsters like that must be brought to education not to harm other kids, hit like that, can be disabled for life. Please, all children and nephews, work hard to study, walk on the road, do good deeds together.",6
This is his intention to ride and hit others,6
"According to me, this kid is driving to hit him. You can watch 3 to 5 times and you know. He is riding to hit him. If he has a car, he will hit him to death.",6
"It's just like this outside, how can he bring in his family, maybe his mother never warns",6
"If you dare to eat, you won't pay back. If your son does, don't run.",6
"Don't be afraid to pay the money, it's fine.",6
Ma a pussy,6
Salty and younger brother play with who don't play with the club security line they have a lot of each other justice must prevail.,6
This kid attempted murder to the fullest if seen through security cameras,6
It's just normal.,6
"They are at the market, they know each other just a little bit that they will hit and go***. The camera man is just a little e… See more",6
Argue as fuck,6
Well let's just put it in jail.,6
"Watch and see, I'm going to hit it once.",6
"Ponpong, causing harm by intention, case 1 Hit and run is not wrong, second case.… See more",6
"It's rude to see, gangster riding without opening eyes, know that",6
The kid doesn't have parents to teach like that,6
Look at the camera like it's intentional,6
"Jail, go to jail once, you will know your mistake.",6
The seedless one,6
This kid is so rude,6
"The security camera is so clear, why do you deny that you hit someone else?",6
Just a little bit more,6
"Don't just have a video, otherwise this will win",6
The thug,6
Hit someone like this and act like I don't know anymore,6
Slap until you stop watching,6
Puk ah jg jg kal pas anh mdg jg jub klg nas,6
"It's normal, my brother.",6
"Yeah lil bro, they caught me trying to settle it",6
Social bastards,6
This is an attempt to ride and kill.,6
"Normal is your head, normal is your leg.",6
ជិះបុកគេ ម៉ង អានេះ អាភ្លើ,6
"Go to the pose, you crazy, don't be too cool.",6
"Just speak out, don't take money, don't ask for compensation, sit quietly, open and hit you back, what about you?",6
"This rascal, hit a little bit more, hit others until the leg is bleeding. Easy, not easy, break the leg.",6
មុខមាត់ស្អាតបាតតែអានេះឃោឃៅណាស់,6
Put him in jail,6
Look at the camera and you rude,6
Take care of it short,6
Hit and run felony charges may end up in jail,6
The way to transport the culprit by normal motorbike?,6
Three grannies count one,6
"Oh my, I got hit by the camera bullet, but I might run away from the traffic accident.",6
This is an excuse like my ex,6
Teach them a little bit,6
"Unintentionally, his father hit the motorbike.",6
ទះម៉ាដៃអោយបាក់ធ្មេញបានសម,6
"I heard him talking, he was in trouble with other people. His character is not your child, raise your child like a gangster.",6
ធម្មតាអីបើប៉ះគេហើយក៏មិនឈប់សុំទោសគេទៅហេតុអីក៏បើករត់នេះគឺប៉ិនប៉ងសម្លាប់ហើយ។,3
Hit the leg,6
This is so cruel !,6
"Offer this bully, grandma has already taken it. It's appropriate to take all comments to parents who think that they can be bully.",6
Just hit them,6
អានេះវាមានបំណងនិង,1
អាឆ្កួតជិះបុកគេហើយថាម្មតាទៀត,6
Touch my baby I won't let you get away with her.,6
The faces of parents are so beautiful. Useless kid.,6
"Is it a ride to smash them, look at the camera",6
Rude boy,6
"Look at his parents, look at the big cable pool.",6
Whose child is this? Come out and order.,6
ម៉ាអាក្មេងឈ្លើយ,6
ចេតនាបុក១០០%អាពាល ចូលគុកហើយ,6
រវល់មើលងាយជីវិតរបស់គេដាក់គុកដបឆ្នាំភ្លាមៗ,6
កូនហៃសូរសាហាវ តែកុំមើលជីវភាពម៉ែ មនុស្សមួយចំនួនចូលចិត្ត អួត តែធាតពិត0,6
អាយុ21...ហើយនៅមួយគ្នាឡើង5 6 ឆ្នាំចឹងមានន័យមានកូនតាំងអាយុម៉ានទៅ..មនុស្សស្រីអើយមិចក៏អភព្វម្លេះ,1
អាប្រុសនេះរេាគចិត្តហ្មង,6
21មេម៉ាយកូនមួយហើយនៅជាមួយសង្សា5ឆ្នាំចុះខាងស្រីការតាំងពីអាយុម៉ានទៅ,6
The child is in the condominium but don't look at the mother's life,6
"I would like to pass this to all brothers and sisters who have a girlfriend or wife when arguing, please hold back your anger.… See more",6
"How old is he getting married? He's a widow, he's been dating his girlfriend for 5 years and now he's just 21",6
"Look at the comments, I realized that there are many negative people who support their families, except their lives, except th… See more",6
"Yes, not married yet, not teaching children.",6
Economic crisis reaches mental crisis,6
It's because of betrayal,6
កូននៅខុនដូរតែកុំមេីល​ជីវភាព​ម្ដាយ,6
សុំផ្ដាំទៅបងៗប្រុសៗគ្នាយើងដែលមានសង្សាឬក៎ប្តីប្រពន្ធពេលឈ្លោះគ្នាសុំទប់កំហឹងរបស៎បងៗរៀងខ្លួនតែ1នារីក៎បានឬក៎ទៅបតជើងតូចរួចសុំមកនិយាយគ្នាម្តងទៀតវាអាចនិងបំបាត់កំហឹងម្តងបន្តិចៗទៅវិញក៎ថាបាន (បើរស្លាញ់នាង់សុំកុំធ្វើបាបគាត់អី មនុស្សស្រីព្រាបដូចជាម្តាយចឹង) សុំទោសបងៗបើសិនជាប្អូននិយាយខុសកន្លែងណាមួយ សុំប្រុងប្រយ័ត្នពាក្យសម្តីមុននិយាយពេលឈ្លោះគ្នាអាចនិងប៉ះព៉ាល់អារម្មណ៍បានណា ឬក៎អាចនិងមានអំពើរហឹង្សាក៎ថាបាន ដូចជាបងៗមួយគូរនេះចឹង,1
មើលខមមិនហើយបានដឹងថាមានមនុស្សអវិជ្ជមានជាច្រើនលើកគ្រួសារគេលើកតាំងពីការស់នៅរបស់គេលើកពីម្តាយឪពុកជីវភាពគេ ធ្វើចឹងធ្វីអី? ចឹងបានថាបរិបទការរស់នៅផ្នត់គំនិតសំខាន់ណាស់ គ្នាស្លាប់ទៅហើយនៅមកវែកញែក,1
នឹងហើយ មិនទាន់ការនៅមួយគ្នា មិនអត់ប្រដៅកូន,6
មកពីក្បត់គេ,6
"This girl is pretty and kind, I used to carry her four or five times and should not have a short life, please share my condolences",6
"The fruit of merit. Because of the economy of money, even in life, I don't think about it. I'm angry once I think about it.",6
People's mind can't see,6
"Nowadays, we as men must forbid our wives to have friends who should not respect men who can't take care of their wives, frien… See more",6
Kids don't deserve to do something short like that,6
"The past has to be continued as lovers together, where this happened",6
ម្នាក់ស្រីនឹងស្អាតហើយស្លូតណាស់ញុមធ្លាប់ដឹកគាត់បួនប្រាំដងហើយមិនគួរណាអាយុខ្លីសោះ ចូលរួមរំលែកទុក្ខផង,2
ផលបុណ្យ។ព្រោះសេដ្ធកិច្ចលុយសូម្បីជីវិតមិនគិតដែរកំហឹង១ពេលគិតខ្លី,6
សាមៃនេះហេីយយេីងជាប្រុសត្រូវតែហាមប្រពន្ធកុំអោយមានមិត្តភក្តិដែលមិនគួរាប់មនុស្សប្រុសដែលឃេីញប្រពន្ធមិត្តនិងនាក់ដទៃមិនបានព្រោះសមៃនេះកាលួងលោមវាលឿនណាស់,1
ក្មេងៗ មិនសមណាទៅធ្វីអីខ្លីចឹងសោះ,6
មើលខមិនតាមរិះគន់អ្នកស្លាប់ប្រយ័ត្នពួកគាត់តាមបកស្រាយអោយដឹងទៅ ល្មមៗបានហើយមាត់ចាបមាត់ព្រាបទាំងឡាយ បញ្ហាជីវិតមានរៀងៗខ្លួនគេផុតទុក្ខហើយនៅ ជីវិតពូកែបញ្ចេញមតិអត់មានការគិតមួយចំនួនទេដែលមិនទាន់ដឹងខ្លួនថាវាយ៉ាង ម៉េចទៀត កុំសើចយំគេណាកម្មពាមានពិត,1
ខឹងខុស ខឹងខូច ខឹងខាត,4
Please send your condolences.,6
"Everyone is gone, everyone has the courage to criticize each other anymore.",6
"You have gone to peace, don't argue anymore",6
"News reporters please watch out for people. Hi, so loud.",6
អាង***ចង់ង***ៗតែវាទៅចាំបាច់សន្លប់គេ មិនទុកសង្សារឱ្យគេយកជួសជុលប្រើ,6
មិនមែនភ្លើងប្រច័ណ្ឌទេបង ឡូវខ្ញុំពិបាកទទួលយកណាស់ខ្ញុំពិតជាអត់យល់ហេតុអ្វីបងមករាដើរដល់ចំណុចនេះ,6
សូមចូលរួមរំលែកទុក្ខផង,6
គ្នាទៅហើយម្នាក់ៗមានខួអត់មកគុយរិះគនគ្នាទៀត,1
"អ្នកល្បីបានផ្សាយ ,",6
សូមវិញ្ញណខន្ធប្អូនបានទៅកាន់សុគតិភព អ្នកពូកែវែកញែកឆ្ងល់រឿងគ្នាស្លាប់ទៅនៅដៀលគ្នាទៀត ប្អូនទៅរកគាត់បកស្រាយផង។,6
គ្នាបានទៅកាន់សុគិតិភពហើយ កុំទៅវែកញែកទៀតអី,6
អ្នកព័ត៌មានអើយជួយមើលមនុស្សផង។ហាយសូរណាស់,1
Everyone thinks of cursing men even though they don't know the exact thing. People kill their loved ones and kill themselves. … See more,6
Angry but in an extreme way,6
People these days are getting wilder,6
Let's go high so.,6
"Only a word of condolences to the families of both sides, may you both rest in peace",6
"So young, shouldn't think like this. It's wrong to talk to each other. If it's hard, let's part ways peacefully. Pity the pare… See more",6
Flame and die together.,6
"I wonder one thing, he died at 21 and was a widow and loved the latter for 5 years, does that mean he was married since 14 and 15 years??",6
មួយៗគិតតែជេរខាងប្រុស ទាំងដែរមិនដឹងរឿងច្បាស់លាស់ មនុស្សដែរសំលាប់មនុស្សខ្លួនស្រលាញ់ហើយ សម្លាប់ខ្លួនឯងទៀត មិនមែនមានបញ្ហាធម្មតាទេ,1
ខឹងតែបែបជ្រុលដៃ,6
មនុស្សសម័យនេះកាន់តែសាហាវ,6
Ďã Mäjïŝôkäk SI NHដូចរឿងអាញណាសវើយ,6
អោយឡេីងហៃសូ,6
មានតែពាក្យថាសោកស្តាយចំពោះក្រុមគ្រួសារសាច់ញាតិទាំងសងខាង សូមប្អូនទាំង២បានទៅកាន់សុគតិភព,1
21ដំណាលញុម,6
ក្មេងៗ​ណាស់​ មិនគួរ​គិត​បែប​នេះ​សោះ​ ខុសត្រូវ​និយាយ​គ្នា​ បេីពិបាក​ខ្លាំង​ចែក​ផ្លូវ​គ្នា​ដោយ​សន្តិភាព​ទៅ​ អាណិត​ម្តាយ​ឪពុក​គ្រាំទ្រូង​គ្រាំ​ចិត្ត​ ពេល​ឃើញ​ទិដ្ឋភាព​កូន​បែប​នេះ​,6
ភ្លេីងប្រចណ្ជ័នឹងហេីយបានស្លាប់តាមគ្នាចឹង,6
ញុមឆ្ងល់មួយ គាត់ស្លាប់អាយុ21 ហើយមេម៉ាយកូន ហើយស្រឡាញ់អ្នកក្រោយបាន5ឆ្នាំ ចឹងមានន័យថាគាត់ការតាំងពី14 15 ឆ្នាំ??,1
The end,6
"Angry is wrong, angry is lost.",6
"Men and women, if you are in Ooy, you are fine, don't go to bars and drinking places",6
"If you know, you know.. Don't argue with this movie..",6
This lowlife kills and jumps away. Don't have a man like a cheap one anymore,6
"In this, there are both court, list of Rach Anha, male lawyer, female lawyer, but still can't summarize the story because they are dead.",6
មនុស្សស្អាតច្រើនតែមានប្តីៗប្រច័ណ្ឌចឹង,1
ចប់,6
ខឹងខុសខឹងខាត,6
អ្នកដឹងបានដឹង..រឿងនឹង កុំវែកញែក..,6
អាថោកនេះសំលាប់គេហើយលោតយករួចខ្លួន។កុំមានប្រុសដូចអាថោកទៀត,5
ហើយយាយលក្ខណា ម៉ែមួយណាវិញ,6
ក្នុងនេះ មានទាំង តុលាការ ក្រលាបញ្ជី រាជអញ្ញា មេធាវីខាងប្រុស មេធាវីខាងស្រី តែនៅតែសរុបរឿងមិនបាន ព្រោះពួកគាត់ស្លាប់ហើយ,1
ប្ដីប្រពន្ខត្រូវចេះស្រលាញ់គ្នាបានសុខស្សាន,6
អាយុខាងស្រី21ហើយនៅមួយខាងប្រុសតាំងពីអាយុប៉ុន្មានទៅបងបើនៅ5ឆ្នាំហើយ,0
Year of Amitabha Buddha,6
The new one is not necessarily better than the old one. Some things argue a little bit back together.,6
"If there's no story, there's no killing, or just jealousy...",6
He is dead stop arguing with him R.I.P,6
"Women who act like a lot of choices are dead. Women who only have beauty, don't care about men's heart. I'm talking bout some females",6
"House on fire, sun on fire, it's not as hot as jealousy. Loving hard makes you strong.",6
The men love too much that they don't want to work until they die. They say that the women sleep and sweat the men's blood.,6
There is nothing uglier than humans.,6
Năm mô a di đà phật,6
អ្នកថ្មីមិនប្រាកដល្អជាងអ្នកចាស់ទេ។រឿងខ្លះឈ្លោះគ្នាបន្តិចបន្តួចត្រូវគ្នាវិញទៅ។,6
បើអត់មានរឿងអីមិនមានការសម្លាប់ចឹងទេឬមួយរឿងប្រចណ្ឌ័ដល់ករហឺុម…,1
គាត់ស្លាប់ទៅហើយឈប់វែកញែកគាត់ទៅសូមទៅអោយបានសុខចុះ,6
មនុស្សស្រីតែធ្វើខ្លួន ឱ្យមានជម្រើសច្រើន គឺស្លាប់អញ្ចឹងហើយ មនុស្សស្រីអាងតែសម្រស់ស្អាត មិនខ្វល់ពីចិត្តមនុស្សប្រុសទេ។ ខ្ញុំនិយាយមនុស្សស្រីមួយចំនួន,1
ភ្លេីងឆេះផ្ទះ ភ្លេីងព្រះអាទិត្យ វាមិនក្តៅដូចភ្លេីងប្រច័ណ្ឌទេ។ស្រលាញ់ខ្លាំងធ្វេីអោយហួងហែងខ្លាំង ។,6
មេតាំងពីរអាយុម៉ានទៅបានមានធំហើយ,1
ខាងប្រុសស្រលាញ់ពេកអត់អោយធ្វើការដល់តែស្លាប់គេថាខាងស្រីដេកសុីញើកឈាមខាងប្រុស,6
គ្នានអីអាក្រកជាងមនុស្សទេ,6
So her side been living with the man side since she was 16 years old now she's 21,6
"Staying together for 5 years, 21 years old means 16 widows  How old are you?",6
Died,6
Just a widow,6
This is so cruel,6
"Jm, before reading the comment, I don't think that they are discussing about the boyfriend* of the girl. If you open the comme… See more",6
លះបង់ពេកខកចិត្តក៏ខ្លាំង,4
I feel sorry for the kids,6
អញ្ចឹងខាងស្រីគាត់រស់នៅជាមួយខាងប្រុសតាំងពីរគាត់អាយុ16ឆ្នាំមេសរាប់ដល់លូវទើប21ឆ្នាំ,6
នៅមួយគ្នា៥ឆ្នាំ អាយុ21 ឆ្នាំ មានន័យថាកូន16មេម៉ាយ  ចុះការអាយុម៉ាន?,1
មេម៉ាយសោះ,6
សាហាវណាស់,6
Jm ហេីយ​ មុនមេីលខមិនគិតស្មានថាគេវែកញែករឿងប្រុសសម្លា*ខាងស្រី​ បេីកខមិនមកទៅឃេីញអាពពួកវែកញែករឿងខាងស្រី ហេីយជេរខាងស្រី​ ចុះបេីវែកញែក​ វែកញែកឱ្យអានទៅមេីលសមរម្យទៅថី​ ខមិនដល់កហេីយ ហួសចិត្តម៉ង​ កេីតមកជាស្រ្តីគឺត្រូវទទួលបែបហ្នឹង​មែន​ បន្ទោសតែពីខាងស្រី យូរៗផ្នត់គំនិតមានតែបែបហ្នឹងឬ,1
អាណិតតែក្មេងទេ,6
"Cheating on him is enough, but he will catch up on time or die",6
"I look at some people's comments, he has sins attached to him and that sin drives him to speak ill of a dead person. My condol… See more",6
Still young beautiful hi so short life,6
"Some girls are not strong enough to make money for their parents. Think about men who are alone, try to earn money, they don't… See more",6
Not doing anything he has money for rent condominium is not normal,6
ស្រីអាយុ21មានកូន១ហើយក្លាយជាមេម៉ាយ តែមានទំនាក់ទំនងនិងឃាតករ៥ឆ្នាំហើយ ចឹងបានន័យថានាងមានគ្រួសារតាំងអាយុមុន16ឆ្នាំមកម្លេះ,1
Still angry and don't have money to do good deeds. Unbelievable.,6
ឆ្ងល់ដល់ហើយគ្នាស្លាប់ហើយនៅវែកញែកម្លេះ.បាកពេកហៅខ្មោចមកសួរមកកុំវ៉ែកញែកពេក,1
ក្បត់គេវាគ្រាន់ តែគេតាមទាន់ប្រយ័ត្នងាប់,6
ខ្ញុំមើលខមិនមនុស្សមួយចំនួនគាត់មានបាបជាប់ខ្លួនចឹងហើយបាបនោះជំរុញអោយគាត់និយាយអាក្រក់ពីមនុស្សដែលគ្នាស្លាប់ទៅហើយ។ ខ្ញុំសូមចូលរួមសោកស្តាយចំពោះគ្រួសារជនរងគ្រោះនិងអ្នកនិយាយអាក្រក់ពីជនរងគ្រោះ!,4
នៅក្មេងស្រស់ស្អាតហាយសូ អាយុខ្លី,6
ស្រីៗមួយចំអត់មានភាពរឹងមាំជាខ្លួនឯងខំរកលុយឲ្យម្ដាយឪពុក។គិតតែពីររឿងប្រុសនៅម្នាក់ឯងខំរកលុយទៅគេមិនឲ្យធ្វើការអត់ធ្វើ មានលុយជារបស់ខ្លួនឯងចាយលុយរបស់ខ្លួនឯងបានវាប្រសើរកុំឱ្យគេដៀលអត់អាណិតម្ដាយឪពុក ។,1
មិនធ្វេីការអីគាត់មានលុយលុយជួលខុនដូពិតជាមិនធម្មតា,1
នៅដល់ខឹងដូរហើយអត់លុយធ្វើបុណ្យទៀតមិនគួរជឿសោះ,6
Please don't meet,6
"Oh my god, oh my god",6
គួរអោយខ្លាច,6
បើខ្ញុំជាម្តាយប្រហែលជាមិនអាចឈរអោយសំភាស៍ចឹងបានទេ,6
"Very nice, should not be so unfortunate",6
"What about this condominium, the husband asked you to stay in, what do you have to do with it? They said no to work.",6
បែបជ្រុលដៃហើយ Shouldn't do that anyway,6
"Still young, don't try to earn money to help parents, think only hard, if earn money to help their parents, how much money will be left",0
Most of Khmer men nowadays are like this,6
សុំកុំឲ្យជួប,6
មនុស្សអើយៗ,6
ស្អាតណាស់ មិនគួរអភ័ព្វចឹងទេ,6
ចុះខុនដូហ្នឹងប្ដីគេអ្នកឱ្យនៅតើទៅពាក់ព័ន្ធអីជាមួយគ្នាគ្នាស្លាប់ហើយហ្នឹងអត់ឮគេនិយាយថាអត់ឱ្យធ្វើការអីទេមែន,6
បែបជ្រុលដៃហើយ យ៉ាងណឆក៏មិនត្រូវធ្វើចឹងដែរ,6
នៅក្មេងណាស់អត់ខំរកលុយជួយម៉ែឪទេ គិតតែហៃសូរ បើរកលុយជួយម៉ែឪដឹងសល់លុយប៉ុណ្ណារទេ,6
ប្រុសខ្មែរឥលូវភាគច្រើនគឺបែបនេះ,6
They are dead and still criticize each other about the age,6
Cheap one,6
"Even ghosts are dead and still gossiping about each other, oh human, read the comment and get stuck",6
Hai so hole in one,6
អាណិតកូនគាត់ មិនដឹងគ្នាឈឺចាប់យ៉ាងណាទេ,6
"Agree, if mom is not yet living well, try hard, so tired.",6
"21 years old, I have a child as a widow, so at the age of Manhov and meet the next person, it's so cruel.",6
The girl is 21 years old and stays with the guy for 5 years. What about the girl at what age did she get married with her husb… See more,6
មានប្ដីមានកូន.ពីអាយុ.ប៉ុន្មាន.បើទើប21.នឹង.?,0
អាគ្នាស្លាប់ទៅហើយក៏នៅតែខមិនរិះគុនគ្នារឿងអាយុនឹងទៀត,6
អាថោក,5
សូម្បីតែតែខ្មោចស្លាប់ហើយក៏នៅនិយាយដើមគ្នាដែលមនុស្សអើយមនុស្ស អានCommentហើយគាំង,6
ហៃសូប្រហោងក្នុង,6
ឯកភាពបើម្ដាយមិនទាន់រស់ស្រួលផងប្រឹងហៃសូរមេស,6
អាយុ21មានកូនជាស្រីមេមាយ ចឹងការទាំងអាយុម៉ាណហូវ ហើយមកជួបនាក់ក្រោយសាហាវចឹងទៀត,1
"If we already have a husband, we act like we have a husband, if he is angry like that, no husband is permanent",6
"Motherfucker, if you had enough, why don't you let them go?",6
សា វិន Scared after watching this,6
សុំចូលបុណ្យផងបង,6
He is so cute hmmm,6
ឱ្យវាង***ទៅល្អជាងដូចអញ្ចឹង,6
បើយើងមានប្តីហើយ យើងធ្វើខ្លួនសាមាន្យជាអ្នកមានប្តីទៅ បើគាត់ហៃសូរចឹងប្តីណាមិនប្រចាំ,1
អាចង្រៃបើអស់ចិត្តហើយមិចមិនដោះលែងគេទៅ,1
អាចោម្សៀត,6
និយាយតែខ្មែរៗទៅមិនដឹងយេះៗស្អីទេសច្រមុះអត់មានផង,1
ចុះម្ចាស់ហាងទី2 និងមិចមិនទាន់គិតលុយផងអោយចិនចេញ,6
ចិនហៅម្ចាស់ហាងទី2ទៅផឹកហាងទី3ទៀត,6
បានបទពិសោធន៍ដែរ​,6
ចិនល្បិចខ្លាំងណាស់ហើយសាហាវទៀតផង។,6
ចិនសម្បូរលុយណាស់បាកមិះកញ្ញាឆ្ងាយណាស់ចិនសុទតែអ្នកមានសំណាងហើយបានចិនហៅចេញលុយ,1
China plays this one style that speaks the rusty feet.,6
Please correct a word that should be written at or use the word location at.,6
Honestly Khmer we should not involve ourselves with Chinese or some foreigners.,6
"Seeing Chinese think that Chinese have money, don't be too much. Some Chinese can only find rice to eat, but can't eat like in",6
"Because we are easy to be looked at, they know what they want and dare to do.",6
"Keke have money and run away, still keke don't have money",6
The Chinese are so cunning,6
"Most of the Chinese are deceitful, if they do not have this trick, they do not do business across the country to our country,",6
"If I go alone, I don't know if I die again.",6
"Those who like to hang out with the Chinese group, have fun, drink, please be careful. There are properties such as cars, moto",6
ចិនលេងមួយក្បាច់នេះបាស់ជើងច្រូង។,6
សូមកែលំអពាក្យមួយ សណ្ឋិត គួរសរសេរ ស្ថិតនៅ រឺប្រើពាក្យទីតាំងនៅ,6
និយាយមែនខ្មែរយើងមិនគួរយកខ្លួនទៅពាក់ព័ន្ធជាមួយពួកចិនឬបរទេសមួយចំនួនខ្លះនោះទេ។,6
ព្រោះយើងងាយបានគេមើលគេដឹងចឹត្តហើយបានគេហ៊ាន,6
ពួកចិនល្បិចច្រើន,6
ជនជាតិចិនភាគច្រើនសុទ្ធតែល្បិចប្រសិនបើពួកគេមិនមានល្បិចបែបនេះមិនមែនពួកគេរកស៊ីឆ្លងប្រទេសមកដល់ស្រុកយើងបានទេសូមផ្ដាំទៅដល់បងៗម្ចាស់ហាងនិងអូនអូននារីទាំងអស់កុំទុកចិត្តជនជាតិចិនខ្លាំងពេក។មិនមែនជនជាតិចិនទាំងអស់មករកស៊ីស្រុកខ្មែរសុទ្ធតែមានលុយនោះទេ។,1
បេីទៅម្នាក់ឯងងាប់ទៀតមិនដឹង,6
អ្នកដែលចូលចិត្តដេីរលេងជាមួយក្រុមចិន សប្បាយផឹកសុីសូមមានការប្រុងប្រយត្ន័ផង មានទ្រព័សម្បត្តិដូចជាឡានម៉ូតូទូរសព័្ទល្អៗ អស់ទាំងរបស់ហេីយអស់ទាំងក្លួនស្រួលមិនស្រួលអស់ទាំងជីវឹតទៀតក៍មេីលមិនឃេីញ នាងៗ ..,1
S H I T H T Kak kok neighborhood,6
"So cruel, never heard of it, got cheated on twice a night  . But the owner of this shop seems to be deceived, know that it's n",6
Yesៗៗyes yes,6
Casserole beware of the neck.,6
Chinese tea luggage gate!,6
The second store is whispering what's wrong with China,6
សណ្ឋិត សង្កាត់កាកៗ,6
សាហាវណាស់មិនធ្លាប់លឺទេ ចាញ់បោកគេមួយយប់ពីរម្តង ។ តែចែម្ចាស់ហាងហ្នឹងដូចឆោតដែរ ដឹងថាវាមិនស្រួលហើយ ទៅដល់គ្នា4 5នាក់នៅឲ្យវាទៅបាត់ស្រួលទៀត។ សង្ស័យចង់ផឹកលុយចិនដែរទេដឹង ។,4
មកពីម្ចាស់ហាងនិងចង់ផឹកស៊ីរបស់គេ Free ដែរនិង បើដាច់ខាតអោយគិត២០០ ដុល្លារជាងនិង….បើអត់អោយហៅសន្តិសុខឃាត់ខ្លួនសិនទៅ ហើយអត់ទៅជាមួយគេ ទៅចប់ ហើយ ចង់ចំណេញដាច់ចំណង,5
សង្កាត់កាកាបមិនមែនសង្កាត់ការពារទេ,6
អ្នកកសែត ប្រយ័ត្នវាន់ក។,6
ជួញតែចិនច្រកវ៉ាលី !,6
ដូចរឿង AI,6
ហាងទី២ខ្សឹបខ្សៀវរឿងអីជាមួយចិន,6
So this morning grandma got to see Lola this morning,6
"Because you want Chinese money like this, how about you pay it back? Don't be shy, Chinese money won't kill you. You want Chin",6
Forever new keke,6
Please write the correct letters 1. Staying in the not so hot at 2. The second Kaab district is not the second Kaak district.,6
សំខាន់អ្នកទារលុយចេះឈាលៗ,6
China is now down because they are waiting to catch Scam online.,6
These bastards have come to Cambodia to cause many problems.,6
ក្រុមចិន scam,6
ចឹងតើបានព្រឹកមិញយាយបុិនឹងឃើញឡូឡាទាំងព្រឹក,6
មកពីហងចង់បានលុយចិនឲ្យចឹងចុះសងកេទៅកុំនិយាយខ្មាសកេល្អបានចិនមិនសម្លាបចោហងសិតតែមីចង់បានលុយចិនហើយខ្ចិលមិនខំរកសុីទេដើលក់នំយកលុយស្រួលៗមើលមាឌយប់ហើយមិនដេកដើរកស្អីយើងស្រីបើស្រីកេល្អយប់កេដេកបើកភ្នែករកសុីលកដូរដើរកសុីយប់ហើយកុំមាត់,3
ថ្មី​រហូត​កឺកឺ,6
សរសេរអក្សរឲ្យត្រឹមត្រូវផង 1. ស្ថិតនៅមិនមែនសណ្ឋិតនៅ 2. សង្កាត់កាកាបទីពីរ មិនមែនសង្កាត់កាកៗទីពីរ។,6
កុំចូលជាមួយចិនមិនល្អទេចិនខ្លះ,4
ពួកអាចិនអស់នេះ មកដល់ខ្មែរមកបង្កបញ្ហាច្រើនណាស់,1
In this world nothing is free,5
Overly leg tricks pay off.,6
China cheated again,6
Those who comment are brainless. They only trample on Khmer people. The problem will happen to you or your family who open a b,6
She gonna be drunk too,6
"I can't live without China, so it's better to be friends with China.",6
It's from your sister too if we know it's not easy and we need to tell karaoke owners to be careful. Because it still owes us money,6
Do to the shop owner and still remain stupid.,6
នៅក្នុងលោកនេះគ្មានរបស់អ្វីដែលហ្វ្រីទេ,1
ស្រីខ្មែរនោះក៏មើលទៅឡប់,6
ល្បិចជើងលើស ទទួលផល។,6
ចិនបោកវិញ,4
ពួកអាខំមិនហ្នឹងអត់ខួរតែហ្មង.ជាន់ពន្លិចតែខ្មែរគ្នាឯងទេ.ចាំធ្លាក់រឿងដល់អ្នកឯងឬក៏គ្រួសារអ្នកឯងដែលបើកកន្លែងរកស៊ីបែបហ្នឹង.បានដឹងស្ពឹកមុខ.គ្មានអ្នកណាចង់ជួបរឿងអញ្ចឹងទេ.ហើយក៏គ្មានអ្នកណាអាចមើលដឹងថាភ្ញៀវល្អឬក៏អាក្រក់ទេ.ប្រយ័ត្នធ្លាក់កម្មពៀរ.ពួកអ្នកសើចចំអអើយ.ទ្វារនរកកំពុងរងចាំ,4
នាងនឹងស្រវ៉ឹងដែ,6
អោយរាងបើគ្មានចិនរស់មិនកើតចឹងរាប់អានចិនតទៅទៀតទើបល្អ,1
តាមស្រួលមិនស្រួលអស់ទាំងជិវិត,1
Well that means double cheated,6
នណាមិនដឹងថា វាខូចៗ,4
និយាយខ្មែរៗទៅស្រីនាងអើយ,6
"According to the law, the owner of the 1st shop and the owner of the KTV are both affected by the corrupt China.",6
Yy English hy khmer ng vea mean ey khos hy mix ort jes Engilsh men bn pel ke yy tha ke jo ?,6
"I know and heard that there are so many tricks, why not think first, you should charge it first.",6
ពួកដែលតែងតែលូបលន់លុយគេសំមុខហេីយ។,6
These Chinese are so cunning,6
អញ្ចឹងមានន័យថាចាញ់បោកពីដង,4
ចាប់វាអោយបានមកស្រុកយើងហើយខូចទៀត,4
សាហាវណាស់ !,6
តាមច្បាប់ ម្ចាស់ហាងទី១និងម្ចាស់ KTV សុទ្ធតែរងគ្រោះដូចគ្នា ដោយចិនកំហូច,6
ដឹងហើយលឺហើយ ថាអាចិនល្បិចកល់ច្រើនណាស់ ហេតុអីមិនគិតមុនសិនគួតែគិតលុយវាមុនសិន,6
ពួកចិននេះចេះល្បិចខូចណាស់,4
This husband is also like that. Maybe his wife shows him how to go.,6
Never hold back the 1st shop owner.,6
"Well, in the past, spent many times on Chinese money, and now, China has done it once. Go out and pay them back.",6
អាចិនវាចូលចិត្តមើលរឿងaiច្រើនពេកហើយមើលទៅ,6
មកពីយេីងចង់សប្បាយដែរនឹងកុំបន្ទោសគេ,6
"Wherever you eat, you pay for it.",6
Yes yes,6
ម្ចាស់ហាងអីមកផឹកស៊ីជាមួយគេ,6
មិនត្រូវឃាត់ម្ចាស់ហាងទី១ទេ។,6
អញ្ចឹងហើយកន្លងមកស៊ីលុយចិនជាច្រើនដងហើយដល់ឥឡូវចិនវាធ្វើស៊ីម្ដងអញ្ចឹងហើយ។ចេញសងគេទៅ។,6
សុីត្រង់ណាគិតលុយត្រង់និងបានត្រូវ,6
យេសៗ,6
ជ​ឰរី​,6
There are many people who cheat Khmer people. There are many ways to cheat and this way of cheating is the same as how to stea,6
អត់ដែរលឺសង្កាត់ការៗពារ,6
Why are you so easy minded,6
There is a neighborhood in Kak Kok. So cool.,6
"You can be crazy with it, how much money is, love your life.",0
សម្បូរណាស់កឺៗបោកខ្មែរយើងវិធីបោកច្រើនណាស់ហើយវិធីបោកនេះដដែលៗដូចជាវិធីបោករឿងទូរសព្ទលក់ដូររបស់ក្លែងក្លាយរឿងផឹកស៊ីខេធីវីបោកមិនឱ្យលុយក៏ច្រើនដងហើយហេតុអ្វីបានជាបងប្អូនខ្មែរយើងមិនចាំឱ្យតែឃើញចិនដឹងតែគេមានលុយច្រើនហើយក៏អី,4
មានសង្កាត់កាកៗ ទៀត ឡូយមេស,1
ចេះឆ្កួតមកតាមវាលុយប៉ុនណ្ណឹងមិឍស្រលាញ់ជីវិតខ្លួនឯង,6
ធ្វើស៊ីជាប្រព័ន្ធ,6
ម្ចាស់ ហាង ខារ៉ាអូខេ ទាំងមូល យាយបិ បឹៗដូចមិចទេ អាញសង្ស័យ សុទ្ធតែគ្នាវាទេ ម្ចាស់ហាង KTV ហើយ អាចិន ចាយម្រុយនឹងនោះ សូម ខាងច្បាប់ជ,6
Luckily e go have each other go alone hard,6
China is so bad,6
អ្នកចាញ់បោកគេភាគច្រើនជាមនុស្សលោបលន់ ចង់បានរបស់គេចង់សុីរបស់គេទទេៗដែរណុង,4
"Wow, China cheats like China, make the shop owner's heart run for help, Chetroi. That's it!",6
I'm so pissed,6
ធ្វើដល់ថៅកែហាង អន់ណាស់ គេ ឲ្យមកតាមយកលុយមកមែន មិនបិទទ្វារទុកវាឲ្យវាតេហៅគ្នាវាយកលុយមកទូទាត់។ គ្រោះថ្នាក់ កុំបានគ្នាច្រើនមិនដឹងជា,3
ម្ចាស់ហាងទី2អោយចិនចេញទៅអ្វេីអីបេីមិនទាន់គិតលុយអោយផង,6
សំណាងហើយអ៊ីទៅមានគ្នីគ្នាទៅម្នាក់ឯងពិបាកហើយ,1
ចង់ចំនេញដាច់ចំណងហើយនាង,6
ចិនដាច់យ៉ៃ,6
ចុមចិនបោកលូយបែបចិនចឹងម៉ង ធ្វើអោយបេះដូងនារីម្ចាស់ហាងរត់រកជំនួយ ជេតរោយ ចប់ប្រោយ !,4
ដល់កម៉ងចឹង,6
I thought that China called and got a lot of money.,6
"I thought it was in AI, but now our country also has it, and they call me to steal money",6
តាមចាប់វាអោយបានយកវាមកដាក់ទោស់អោយបានបើមិនចឹងទេវាទៅធ្វើដាក់នាក់ផ្សេងទៀត,6
"ភ្ញៀវចិនល្អៗណាស់ខ្មែរយើងឃើញចូលចិត្តណាស់ជាពិសេសស្រីៗក្មេងៗចូលចិត្តចិនណាស់។,",6
ចិននឹងស្រវឹងភ្លេចគិតលុយទេដឹង,6
I'm tired of eating.,6
Fall in love with the shop owner,6
សមមុខ,6
ពួកចង់ស៊ីរបស់គេ,6
ស្មានតែមានក្នុងរឿងAIអីឡូវស្រុកយើងមានដែរហើយអារឿងហៅមកអោយចិញលុយ,1
Na Na ដូចចុយម៉ាយ,6
ធើសុីហើយ,6
០ ០ ឥ,6
សាច់អត់បានសុីហើយ ឆ្អឹងជាប់ក៏ទៀត,6
Because I want to do the same,6
ចង់ស៊ីចិន អោយចិនអផយរៀង,6
អាចិន១ចំនួនខូច,4
និយាយសុទ្ធតែយ៉ះៗទៀតហើយបាត់ខ្ទង់ច្រមុះទៅណាហើយ,6
I want to eat Chinese too,6
"Going to drink with others must help me out like that   Because I didn't tell you beforehand, I didn't let you out, didn't g",6
Listen to this it's not good,6
ឥឥ០០០០០ឥ០០០0០៩០០០,6
មកពីបងចង់ដែរនឹង,6
ឡេឡើៗឃ្លានផឹកជាមួយចោរ,6
ចង់សុីចិនដែរ,6
ទៅផឹកជាមួយគេគឺត្រូវតែជួយចេញអញ្ចឹងហើយ   មកពីមិនបាននិយាយប្រាប់មុន ខ្ញុំក៏មិនអោយចេញដែ អត់អោយលុយផងហើយមកជាមួយគ្នាទៀត,6
ស្តាប់ទៅ វាមិនទំនង,6
បងម៉ូយសាច់គោអាំងខ្ញុំតេីស,6
វាចង់ធើសុីម៉េច វាធ្វើសុីហើយ,6
អាចិនថោកមែន,5
Crazy.,6
Yas,6
ធ្វើចឹងមិចសំកាល់ចូលគេចូលមិនមើលមុខចេះតែទាកេចឹង,6
ចុះមិចគ្រាន់តែអាកន្ទបចិនមួយសោះធ្វើអោយល្បីមួយប្រទេសចឹង,6
"Chinese play 1 style, orange",6
វល់ៗ,6
ចែឯងកុំចេះតែឃ្លានពេកប្រយ័ត្នផង,6
ចិនលេង1ក្បាច់៍ ច្រូច,6
ចាញ់បោកគេ២តង់,4
"Are you hungry for other people's wine? Listen to what you say, it's just that you're talking.",6
Chinese Yu Yu cheat 1 cheat VIP,6
"Don't fall for the Chinese, so many tricks.",6
ចុះយើងម្តេចទៅផឹកអីទៀត ក្រែងមកយកលុយ.,6
ចិនបោកលុយហើយហៅសុត្តតែញ៉ាំ,4
Don't trust China too much,6
សូម្បីតែសេដក៏បរាជ័យដែរ,6
ទៅបោះតង់ចង់អោយគេចាប់រំលោភតែគេអត់ចាប់,6
ខ្ញុំនឹងខ្លាចខ្មោច,6
ឃើញខមិនហើយសុទ្ធតែអ្នកាន់ជើងចោ,6
ស្បែកហ្នឹងពស់ចឹកមិនមុតទេ។,6
អាណិតគ្នាដែរ តែសើច១សិន ចាំអាណិតទៀត,6
បុខរបបមិនអស់ថ្លៃផ្ទះសំណាក់,0
ដេករកប្រុស,6
សង្ស័យទៅបោះតង់ចំកន្លែង ក្មេងជក់ថ្មាំចឹងហើយ,6
ង៉ែង អើយង៉ែង,6
មិចក៍មានដែលលោកអើយ ចង់រត់អោយផុតផែនដី,1
កម្មង់ឱ្យស្ទើរបានសាច់ក្រប្រុសណាមិនខឹងដាក់ខ្លះទៅ,6
ណាត់គ្នាទៅបោះតង់ចុងក្រោយគេ គេប្លន់,6
សំណាងហើយគេមិនរំលោភ ហើយសម្លាប់,6
គេបោះតង់ទៀតអត់,6
មានរបោះសុីហើយនៅវ៉ៃទៀលោចោអើ,1
អាណិតគាត់,6
គេសម្តែងរឿងមែនហ្នឹង?,6
តាមគំនិតខ្ញុំមានតែពស់វែកខ្លាចគាត់វិញបានត្រូវ,1
ខ្វះកន្លែងដេកមែន,6
វៃធ្វើអី?,6
វាយគ្នាអីសាហាវមេះ ដល់បាក់ធ្មេញ,6
សេរីវេនឌី,6
ចោរណាមិនខឹង​ បើប្រាប់គេថាឲ្យមាសដល់ពេលបើកភ្លើងឃើងជ័រនឹង ​,3
បំពង់ ស៉ីមាំង តោះបោះតង់កោះនរា,6
មើលហាវ តែត្រូវដាំ,6
វាកញ្ញាដល់កហើយខ្វះកន្លែងដេកបញ្ញាគេឃើញស្រីស្អាតចឹងពេកអញ្ចឹងឱ្យគេទៅវ៉ៃហ្នឹងណា។មកពីយើងស្រីស្អាតអញ្ចឹងហើយ។,6
គ្រាន់តែបោះតង់ក៏បរាជ័យដែរ គ្រាន់តែចង់បោះតង់ចង់សេដតែម្នាក់ឯងក៏គ្មានក្ដីសុខ,1
រកកន្លែងស្ងាត់ដើម្បីសុខនៅតែពួកវាមិនឱ្យសុខ,6
Seng Sopheak តោះទៅបោះតង់ពីនាក់,6
ផ្លែករហូត,6
ភេទមានតែពីរទេអត់មានបី,1
Chandara Sok chhub tov hery,6
ចាប់ចោរយកទៅបាត់,6
ស្អីក៍មានដែរ,1
ទៅរកកន្លែហប់ខ្យល់ស្រួលជក់ ដឹង,6
យីស្រ្តី,6
លើកក្រោយទៅបោះតង់ជិតបងសុវណ្ណរឹទ្ធីទៅសុវត្តិភាព,6
មកតាំងសិល,6
ហត់​មេះ,6
រកកន្លែងអាណិតមិនឃើញទេអញ,6
មានរំលោបសេពសន្តិវៈ អត់,1
ពិបាកលើសដើមលូវ,6
បរាជ័យសូម្បីតែប្ដូរភេទ,6
អានោះតាបូងវាស្មានតែស្រីដល់វាដឹងចឹងវៃប៉ាដោយ,1
មុនដំបូងចោរប្រុងចាប់រំលោភក៏ប៉ុន្តែស្រាប់តែស្រាតខោមកឃើញមួយចង្កោមដូចគ្នាលែងចាប់រំលោភបែរជាវ៉ៃតែម្ដងទៅ,1
ប្រហែលហៅប្រុសទៅតែខាងប្រុសដឹងថាខ្ទើយវ៉ៃយកម្តងទៅ,6
Sad ទៅបោះតងចាំលោមានអាស្ទាវណាដាច់បែក,1
អាណិតឡឹក,6
សំណាងហើយគេមិនរំលោភ,6
ប្លែកៗ,6
ណាត់គ្នាទៅដេកពេលខាងប្រុសដឹងថាភេទទីបីគេខឹងគេវ៉ៃតែម្ដងទៅ។,6
អាញ់សង្ស័យហា បោះតង់បោះតង់ទៅលួចជក់….ក្នុងព្រៃ,6
សមមុខហើយ,6
លើកក្រោយប្រហែលគាត់លែងហ៊ានសេដហើយ ចេញសេដដំបូងក៏បរាជ័យដែល,6
បោះតង់រកប្រុស,6
អ្នកមើលគិតដូចខ្ងុំអត់,6
Hmm ម៉េចត្រូវសើចឲគាត់,6
គួខ្លាច,6
បងសាពត៍មាននៅខាងកោះកុងបោះតង់ច្រើនណាស់មកយកសាពត៍មសនផងបង,1
10000 សំណាងហើយដែលគេមិន រំលោភ,6
ខំម្ល៉េះអ្នកណាបឿក,6
សមណាស់,6
អាចេារនឹងបែបរាវប៉ះមេីមដំឡូងហេីយបានផ្អេីលឈុលចឹង,6
បាក់ធ្មេញ,6
គាំងណាស់,6
មនុស្ស អុីចឹង ក៏សំភាសន៍ ដែរ លោកសារព័ត៌មានអើយ,1
ជឿហេីយ,6
កម្ម,6
ដឹងច្បាស់អត់រឿងនិង,6
ហុឺ,6
ចង់ល្បីពេក,6
បំពង់ ស៉ីមាំងបានដៃឃ្មុំញញឹមទៀតហើយ,6
កុំបន្ទោសចោរ មកពីយើង ផ្គើនចោរ ខ្វះណាស់កន្លែងដេក,6
ធ្វើបាបគ្នា,6
វគ្គនេះ បរាជ័យ វគ្គក្រោយជូនពអោយគាត់ជោគជ័យ ស៊ូៗ ហេងហេង,6
ឲងាប់ចុះ,6
ចឹងបានចោរអត់រំលោភ,6
គ្នាអាចមានវិបត្តិ ផ្លូវចិត្តផង ក៏មិនដឹង,1
មិច​ម្នាក់​ៗ​សេីច​គាត់​ចឹង?,6
អនាធិបតេយ្យមេះ,6
ដេត ហើយថាចោលវ៉ៃ ប្រុសប្លន់សោះងែង,6
ជក់ថ្នាំសោះ សុទ្ធតែបោះតង់,6
ថ្មីទៀតហើយ,6
